﻿{"cameraMode":{"drawMode":0,"name":"Shaded","section":"Shading Mode"},"sceneLighting":true,"audioPlay":false,"sceneViewState":{"showFog":true,"showMaterialUpdate":false,"showSkybox":true,"showFlares":true,"showImageEffects":true,"showParticleSystems":true},"in2DMode":false,"pivot":{"x":-0.36166155338287356,"y":0.8387715816497803,"z":-0.17338848114013673},"rotation":{"x":0.1277114450931549,"y":-0.7674856185913086,"z":0.16142043471336366,"w":0.6071565747261047},"size":3.181971311569214,"orthographic":false}